,appsite,fromsearchpage,url
0,shopify,1,https://testrevesderecho.myshopify.com
1,shopify,1,https://houseofcharizma.myshopify.com
2,shopify,1,https://kivarikivari.myshopify.com
3,shopify,1,https://beddys.myshopify.com
4,shopify,1,https://miamifruit.myshopify.com
5,shopify,1,https://benrector.myshopify.com
6,shopify,1,https://jauntairmobility.myshopify.com
7,shopify,1,https://altwork.myshopify.com
8,shopify,2,https://lisendk.myshopify.com
9,shopify,2,https://myplantdecor.myshopify.com
10,shopify,2,https://sparklbands.myshopify.com
11,shopify,2,https://timpersbrand.myshopify.com
12,shopify,2,https://jdmnation.myshopify.com
13,shopify,2,https://florahealthshop.myshopify.com
14,shopify,2,https://khorie.myshopify.com
15,shopify,2,https://oofos.myshopify.com
16,shopify,3,https://suzyshier.myshopify.com
17,shopify,3,https://gardenbag.myshopify.com
18,shopify,3,https://thetrolltrader.myshopify.com
19,shopify,3,https://steinmartonline.myshopify.com
20,shopify,3,https://ryleeandcru.myshopify.com
21,shopify,3,https://ashleylongshoreart.myshopify.com
22,shopify,3,https://mysisterwifescloset.myshopify.com
23,shopify,3,https://daehair.myshopify.com
24,shopify,4,https://shiticoolers.myshopify.com
25,shopify,4,https://switchaprph.myshopify.com
26,shopify,4,https://purenaturenz.myshopify.com
27,shopify,4,https://zoskinhealth.myshopify.com
28,shopify,4,https://bktt.myshopify.com
29,shopify,4,https://trestlv.myshopify.com
30,shopify,4,https://wigdealer.myshopify.com
31,shopify,4,https://swp2018.myshopify.com
32,shopify,5,https://paylessph.myshopify.com
33,shopify,5,https://alfatahstore.myshopify.com
34,shopify,5,https://danieltaywh.myshopify.com
35,shopify,5,https://mommyknowsbestonline.myshopify.com
36,shopify,5,https://marlofurniturestore.myshopify.com
37,shopify,5,https://adilqadrihashmi.myshopify.com
38,shopify,5,https://dressstyleicon.myshopify.com
39,shopify,5,https://therarebeauty.myshopify.com
40,shopify,6,https://pladmin.myshopify.com
41,shopify,6,https://iamamaze.myshopify.com
42,shopify,6,https://tellenzi.myshopify.com
43,shopify,6,https://farmacorp.myshopify.com
44,shopify,6,https://oo35mm.myshopify.com
45,shopify,6,https://timetochangesale.myshopify.com
46,shopify,6,https://lmhhair.myshopify.com
47,shopify,7,https://ugpfront.myshopify.com
48,shopify,7,https://holymountainprinting.myshopify.com
49,shopify,7,https://hibble.myshopify.com
50,shopify,7,https://finisterre.myshopify.com
51,shopify,7,https://qb54.myshopify.com
52,shopify,8,https://gc2b.myshopify.com
53,shopify,8,https://instorefashion.myshopify.com
54,shopify,8,https://thetruegem.myshopify.com
55,shopify,8,https://resanskrit.myshopify.com
56,shopify,8,https://weareanimecollectors.myshopify.com
57,shopify,8,https://sokorajewels.myshopify.com
58,shopify,8,https://nishatuae.myshopify.com
59,shopify,8,https://sexyjeansmx.myshopify.com
60,shopify,9,https://lumedeodorant.myshopify.com
61,shopify,9,https://tertugalleri.myshopify.com
62,shopify,9,https://palred.myshopify.com
63,shopify,9,https://lacesstore.myshopify.com
64,shopify,9,https://princesspollydev.myshopify.com
65,shopify,9,https://righteousbabe.myshopify.com
66,shopify,9,https://petitclair.myshopify.com
67,shopify,10,https://sweetpetes.myshopify.com
68,shopify,10,https://korendytr.myshopify.com
69,shopify,10,https://keepgo.myshopify.com
70,shopify,10,https://scalperscompany.myshopify.com
71,shopify,10,https://redzonecases.myshopify.com
72,shopify,10,https://stilleben.myshopify.com
73,shopify,11,https://ruohonjuuri.myshopify.com
74,shopify,11,https://lincraftau.myshopify.com
75,shopify,11,https://joinustr.myshopify.com
76,shopify,11,https://washpostshop.myshopify.com
77,shopify,11,https://cxffeeblack.myshopify.com
78,shopify,11,https://bharatsthali1.myshopify.com
79,shopify,11,https://luckyleo.myshopify.com
80,shopify,11,https://slimebyjacklyne.myshopify.com
81,shopify,12,https://sumitdev.myshopify.com
82,shopify,12,https://loloirugs.myshopify.com
83,shopify,12,https://lather2018.myshopify.com
84,shopify,12,https://ratandboaus.myshopify.com
85,shopify,12,https://pitviper.myshopify.com
86,shopify,12,https://atlusshop.myshopify.com
87,shopify,12,https://sosoutils.myshopify.com
88,shopify,12,https://xstitchpk.myshopify.com
89,shopify,13,https://lostandfound.myshopify.com
90,shopify,13,https://hakshop.myshopify.com
91,shopify,13,https://hunterfanglobal.myshopify.com
92,shopify,13,https://szigeti.myshopify.com
93,shopify,13,https://santiniketanonline.myshopify.com
94,shopify,13,https://shopdopin.myshopify.com
95,shopify,13,https://equiurban.myshopify.com
96,shopify,13,https://independenttradingco.myshopify.com
97,shopify,14,https://schickjp.myshopify.com
98,shopify,14,https://drinkpanda.myshopify.com
99,shopify,14,https://vorsteinerwheels.myshopify.com
100,shopify,14,https://ashateahouse.myshopify.com
101,shopify,14,https://kodiakcakes.myshopify.com
102,shopify,14,https://cncptsdxb.myshopify.com
103,shopify,14,https://nagnata.myshopify.com
104,shopify,14,https://dburns2016.myshopify.com
105,shopify,15,https://hayshedhill.myshopify.com
106,shopify,15,https://popseoul.myshopify.com
107,shopify,15,https://yumetenbo.myshopify.com
108,shopify,15,https://anothersolesg.myshopify.com
109,shopify,15,https://coolbergshop.myshopify.com
110,shopify,15,https://twinoakstest.myshopify.com
111,shopify,16,https://sixtypercent.myshopify.com
112,shopify,16,https://kulanikinis.myshopify.com
113,shopify,16,https://fieldmuseumstore.myshopify.com
114,shopify,16,https://prideandpinion.myshopify.com
115,shopify,16,https://kizerknives.myshopify.com
116,shopify,16,https://storeviamarechiaro12.myshopify.com
117,shopify,16,https://saleras.myshopify.com
118,shopify,17,https://glam22.myshopify.com
119,shopify,17,https://vapegateuae.myshopify.com
120,shopify,17,https://vapemallpk.myshopify.com
121,shopify,17,https://valenprueba.myshopify.com
122,shopify,17,https://zpacks.myshopify.com
123,shopify,17,https://walkingco.myshopify.com
124,shopify,17,https://vodaswimasia.myshopify.com
125,shopify,17,https://ateliersavas.myshopify.com
126,shopify,18,https://adlibfashion.myshopify.com
127,shopify,18,https://illvzn.myshopify.com
128,shopify,18,https://zennihome.myshopify.com
129,shopify,18,https://madeincookware.myshopify.com
130,shopify,18,https://shinesty.myshopify.com
131,shopify,18,https://joellecollection.myshopify.com
132,shopify,19,https://festapratica.myshopify.com
133,shopify,19,https://legitgrails.myshopify.com
134,shopify,19,https://societyofwanderers.myshopify.com
135,shopify,19,https://aftershokzjp.myshopify.com
136,shopify,19,https://buymasterbuilt.myshopify.com
137,shopify,19,https://loshopdellacineteca.myshopify.com
138,shopify,19,https://rspnutrition.myshopify.com
139,shopify,20,https://ratandboaaus.myshopify.com
140,shopify,20,https://cobratecknives.myshopify.com
141,shopify,20,https://disabilityrightsuk.myshopify.com
142,shopify,20,https://tattoosmart.myshopify.com
143,shopify,20,https://boyslie.myshopify.com
144,shopify,20,https://sauceshop1.myshopify.com
145,shopify,21,https://kazeorigins.myshopify.com
146,shopify,21,https://javierls16.myshopify.com
147,shopify,21,https://gentstudent.myshopify.com
148,shopify,21,https://merculesfashion.myshopify.com
149,shopify,21,https://petstockv2.myshopify.com
150,shopify,21,https://ilfornotest.myshopify.com
151,shopify,21,https://islamabad12.myshopify.com
152,shopify,22,https://truewerk.myshopify.com
153,shopify,22,https://hydrojug.myshopify.com
154,shopify,22,https://shopendlesssummer.myshopify.com
155,shopify,22,https://lobosolos.myshopify.com
156,shopify,22,https://hewouldlovefirst.myshopify.com
157,shopify,22,https://campingwithsoul.myshopify.com
158,shopify,22,https://classyandfabstore.myshopify.com
159,shopify,23,https://huubukstore.myshopify.com
160,shopify,23,https://fkirons.myshopify.com
161,shopify,23,https://goodgoodgolf.myshopify.com
162,shopify,23,https://bngo.myshopify.com
163,shopify,23,https://iamcaffeine.myshopify.com
164,shopify,24,https://solbeautyandcare.myshopify.com
165,shopify,24,https://camotruckseats.myshopify.com
166,shopify,24,https://phylrich.myshopify.com
167,shopify,24,https://fentybeautyshop.myshopify.com
168,shopify,24,https://hopaal.myshopify.com
169,shopify,24,https://zenbivy.myshopify.com
170,shopify,24,https://teded.myshopify.com
171,shopify,24,https://adrift.myshopify.com
172,shopify,25,https://machinesmac.myshopify.com
173,shopify,25,https://genuins.myshopify.com
174,shopify,25,https://fabcurate.myshopify.com
175,shopify,25,https://cookiesclothing.myshopify.com
176,shopify,25,https://shoes24ro.myshopify.com
177,shopify,25,https://truff.myshopify.com
178,shopify,25,https://cosplayskyfrm.myshopify.com
179,shopify,26,https://arbelg.myshopify.com
180,shopify,26,https://everpress.myshopify.com
181,shopify,26,https://jujubeshop.myshopify.com
182,shopify,26,https://strapcode.myshopify.com
183,shopify,26,https://laviye.myshopify.com
184,shopify,26,https://kookai.myshopify.com
185,shopify,26,https://bisquetraders.myshopify.com
186,shopify,27,https://sneaktique.myshopify.com
187,shopify,27,https://namiyoshian.myshopify.com
188,shopify,27,https://glsen.myshopify.com
189,shopify,27,https://avomuse.myshopify.com
190,shopify,27,https://lowriderclothing.myshopify.com
191,shopify,27,https://obeygiant.myshopify.com
192,shopify,28,https://bisouonline.myshopify.com
193,shopify,28,https://farsali.myshopify.com
194,shopify,28,https://hkbnnet.myshopify.com
195,shopify,28,https://sireguitarsusa.myshopify.com
196,shopify,28,https://buttergoods.myshopify.com
197,shopify,28,https://thisisneverthatstore.myshopify.com
198,shopify,29,https://relwen16.myshopify.com
199,shopify,29,https://havari.myshopify.com
200,shopify,29,https://catapuperu.myshopify.com
201,shopify,29,https://placesplusfaces.myshopify.com
202,shopify,29,https://cabana-living.myshopify.com
203,shopify,29,https://skywalker-trampolines.myshopify.com
204,shopify,29,https://zerogravity-racing.myshopify.com
205,shopify,30,https://vilros-com.myshopify.com
206,shopify,30,https://hard-jewelry.myshopify.com
207,shopify,30,https://shared-brewing.myshopify.com
208,shopify,30,https://ring-uk.myshopify.com
209,shopify,30,https://sneakypetestore-com.myshopify.com
210,shopify,30,https://361-usa.myshopify.com
211,shopify,30,https://nomad-complex.myshopify.com
212,shopify,30,https://shortcut-labs.myshopify.com
213,shopify,31,https://engbork-2.myshopify.com
214,shopify,31,https://acemartmall-paris.myshopify.com
215,shopify,31,https://fiftyflowers-com.myshopify.com
216,shopify,31,https://taosfootwear-com.myshopify.com
217,shopify,31,https://chidiyaa-intnl.myshopify.com
218,shopify,31,https://sodastream-israel.myshopify.com
219,shopify,31,https://flashy-col.myshopify.com
220,shopify,31,https://zita-west.myshopify.com
221,shopify,32,https://sebikes-test.myshopify.com
222,shopify,32,https://tienda-pumas.myshopify.com
223,shopify,32,https://juvias-place.myshopify.com
224,shopify,32,https://fabrik-style.myshopify.com
225,shopify,32,https://tomateros-beisshop.myshopify.com
226,shopify,32,https://chichi-castelnango.myshopify.com
227,shopify,33,https://advanced-mixology.myshopify.com
228,shopify,33,https://saber-forge1.myshopify.com
229,shopify,33,https://tandem-prayer.myshopify.com
230,shopify,33,https://holo-taco.myshopify.com
231,shopify,34,https://allurebeautybox.myshopify.com
232,shopify,34,https://shades-il.myshopify.com
233,shopify,34,https://mme-co.myshopify.com
234,shopify,34,https://shady-rays.myshopify.com
235,shopify,34,https://elite-eleven.myshopify.com
236,shopify,34,https://built-bar.myshopify.com
237,shopify,34,https://wireless-earphones.myshopify.com
238,shopify,34,https://segterra.myshopify.com
239,shopify,35,https://dickjohnson-de.myshopify.com
240,shopify,35,https://teefury-com.myshopify.com
241,shopify,35,https://class101-global.myshopify.com
242,shopify,35,https://kryo-gear.myshopify.com
243,shopify,35,https://binky-bro.myshopify.com
244,shopify,35,https://myfashion-design.myshopify.com
245,shopify,35,https://blockstore-cl.myshopify.com
246,shopify,36,https://my-borosil.myshopify.com
247,shopify,36,https://letsbld-com.myshopify.com
248,shopify,36,https://lyft-sports.myshopify.com
249,shopify,36,https://thuma-bed.myshopify.com
250,shopify,36,https://microsoft-minecraft.myshopify.com
251,shopify,36,https://farm-rio.myshopify.com
252,shopify,36,https://stylestory-au.myshopify.com
253,shopify,37,https://limited-edt.myshopify.com
254,shopify,37,https://stationery-pal.myshopify.com
255,shopify,37,https://token-life.myshopify.com
256,shopify,37,https://funkycollectionzz.myshopify.com
257,shopify,37,https://getnowdealss.myshopify.com
258,shopify,37,https://support.myshopify.com
259,shopify,37,https://slowthai.myshopify.com
260,shopify,38,https://speedcubeshop.myshopify.com
261,shopify,38,https://ford-parts-accessories.myshopify.com
262,shopify,38,https://starwarscelebration.myshopify.com
263,shopify,38,https://freddys-fishing-world.myshopify.com
264,shopify,38,https://billy-j-fashion.myshopify.com
265,shopify,38,https://diners-com-pk.myshopify.com
266,shopify,38,https://comercial-gotta-ltda.myshopify.com
267,shopify,39,https://get-raw-nutrition.myshopify.com
268,shopify,39,https://the-can-co.myshopify.com
269,shopify,39,https://addison-clothing-store.myshopify.com
270,shopify,39,https://two-feet-undr.myshopify.com
271,shopify,39,https://archer-and-olive.myshopify.com
272,shopify,39,https://insider-store-loja.myshopify.com
